,index,Protein,Peptide,Fraction,Count,Sequence,Length,Start,End,Appearance,Label
0,258,sp|F4I7I0|ALAT1_ARATH,AJAVJNPGNPTGQVJSEENQR,AT_indark_IEX_fraction_25a_20150422.uniprot-proteome%3AUP000006548_contam.combined-Results,2,MRRFVIGQAKNLIDQSRRRQLHHHKNLSFVSLIPPFSAPSDSSSRHLSSSSSSDMSASDSSSSLPVTLDTINPKVIKCEYAVRGEIVNIAQKLQEDLKTNKDAYPFDEIIYCNIGNPQSLGQQPITFFREVLALCSYTALLDESATHGLFSSDSIERAWKILDQIPGRATGAYSHSQGIKGLRDAIADGIEARDGFPADPNDIFMTDGASPGVHMMMQLLITSEKDGILCPIPQYPLYSASIALHGGTLVPYYLDEASGWGLEISELKKQLEDARSKGITVRALAVINPGNPTGQVLSEENQRDVVKFCKQEGLVLLADEVYQENVYVPDKKFHSFKKVARSMGYGEKDLALVSFQSVSKGYYGECGKRGGYMEVTGFTSDVREQIYKMASVNLCSNISGQILASLIMSPPKPGDDSYESYIAEKDGILSSLARRAKTLEEALNKLEGVTCNRAEGAMYLFPCLHLPQKAIAAAEAEKTAPDNFYCKRLLKATGIVVVPGSGFRQVPGTWHFRCTILPQEDKIPAIVDRLTAFHQSFMDEFRD,543,282,303,1,0
1,259,sp|F4I7I0|ALAT1_ARATH,AJAVJNPGNPTGQVJSEENQR,AT_indark_IEX_fraction_37a_20150426.uniprot-proteome%3AUP000006548_contam.combined-Results,2,MRRFVIGQAKNLIDQSRRRQLHHHKNLSFVSLIPPFSAPSDSSSRHLSSSSSSDMSASDSSSSLPVTLDTINPKVIKCEYAVRGEIVNIAQKLQEDLKTNKDAYPFDEIIYCNIGNPQSLGQQPITFFREVLALCSYTALLDESATHGLFSSDSIERAWKILDQIPGRATGAYSHSQGIKGLRDAIADGIEARDGFPADPNDIFMTDGASPGVHMMMQLLITSEKDGILCPIPQYPLYSASIALHGGTLVPYYLDEASGWGLEISELKKQLEDARSKGITVRALAVINPGNPTGQVLSEENQRDVVKFCKQEGLVLLADEVYQENVYVPDKKFHSFKKVARSMGYGEKDLALVSFQSVSKGYYGECGKRGGYMEVTGFTSDVREQIYKMASVNLCSNISGQILASLIMSPPKPGDDSYESYIAEKDGILSSLARRAKTLEEALNKLEGVTCNRAEGAMYLFPCLHLPQKAIAAAEAEKTAPDNFYCKRLLKATGIVVVPGSGFRQVPGTWHFRCTILPQEDKIPAIVDRLTAFHQSFMDEFRD,543,282,303,1,0
2,260,sp|F4I7I0|ALAT1_ARATH,AJAVJNPGNPTGQVJSEENQR,AT_indark_IEX_fraction_38a_20150426.uniprot-proteome%3AUP000006548_contam.combined-Results,2,MRRFVIGQAKNLIDQSRRRQLHHHKNLSFVSLIPPFSAPSDSSSRHLSSSSSSDMSASDSSSSLPVTLDTINPKVIKCEYAVRGEIVNIAQKLQEDLKTNKDAYPFDEIIYCNIGNPQSLGQQPITFFREVLALCSYTALLDESATHGLFSSDSIERAWKILDQIPGRATGAYSHSQGIKGLRDAIADGIEARDGFPADPNDIFMTDGASPGVHMMMQLLITSEKDGILCPIPQYPLYSASIALHGGTLVPYYLDEASGWGLEISELKKQLEDARSKGITVRALAVINPGNPTGQVLSEENQRDVVKFCKQEGLVLLADEVYQENVYVPDKKFHSFKKVARSMGYGEKDLALVSFQSVSKGYYGECGKRGGYMEVTGFTSDVREQIYKMASVNLCSNISGQILASLIMSPPKPGDDSYESYIAEKDGILSSLARRAKTLEEALNKLEGVTCNRAEGAMYLFPCLHLPQKAIAAAEAEKTAPDNFYCKRLLKATGIVVVPGSGFRQVPGTWHFRCTILPQEDKIPAIVDRLTAFHQSFMDEFRD,543,282,303,1,0
3,261,sp|F4I7I0|ALAT1_ARATH,AJAVJNPGNPTGQVJSEENQR,AT_indark_IEX_fraction_39a_20150426.uniprot-proteome%3AUP000006548_contam.combined-Results,2,MRRFVIGQAKNLIDQSRRRQLHHHKNLSFVSLIPPFSAPSDSSSRHLSSSSSSDMSASDSSSSLPVTLDTINPKVIKCEYAVRGEIVNIAQKLQEDLKTNKDAYPFDEIIYCNIGNPQSLGQQPITFFREVLALCSYTALLDESATHGLFSSDSIERAWKILDQIPGRATGAYSHSQGIKGLRDAIADGIEARDGFPADPNDIFMTDGASPGVHMMMQLLITSEKDGILCPIPQYPLYSASIALHGGTLVPYYLDEASGWGLEISELKKQLEDARSKGITVRALAVINPGNPTGQVLSEENQRDVVKFCKQEGLVLLADEVYQENVYVPDKKFHSFKKVARSMGYGEKDLALVSFQSVSKGYYGECGKRGGYMEVTGFTSDVREQIYKMASVNLCSNISGQILASLIMSPPKPGDDSYESYIAEKDGILSSLARRAKTLEEALNKLEGVTCNRAEGAMYLFPCLHLPQKAIAAAEAEKTAPDNFYCKRLLKATGIVVVPGSGFRQVPGTWHFRCTILPQEDKIPAIVDRLTAFHQSFMDEFRD,543,282,303,1,0
4,262,sp|F4I7I0|ALAT1_ARATH,AJAVJNPGNPTGQVJSEENQR,AT_indark_IEX_fraction_40a_20150426.uniprot-proteome%3AUP000006548_contam.combined-Results,3,MRRFVIGQAKNLIDQSRRRQLHHHKNLSFVSLIPPFSAPSDSSSRHLSSSSSSDMSASDSSSSLPVTLDTINPKVIKCEYAVRGEIVNIAQKLQEDLKTNKDAYPFDEIIYCNIGNPQSLGQQPITFFREVLALCSYTALLDESATHGLFSSDSIERAWKILDQIPGRATGAYSHSQGIKGLRDAIADGIEARDGFPADPNDIFMTDGASPGVHMMMQLLITSEKDGILCPIPQYPLYSASIALHGGTLVPYYLDEASGWGLEISELKKQLEDARSKGITVRALAVINPGNPTGQVLSEENQRDVVKFCKQEGLVLLADEVYQENVYVPDKKFHSFKKVARSMGYGEKDLALVSFQSVSKGYYGECGKRGGYMEVTGFTSDVREQIYKMASVNLCSNISGQILASLIMSPPKPGDDSYESYIAEKDGILSSLARRAKTLEEALNKLEGVTCNRAEGAMYLFPCLHLPQKAIAAAEAEKTAPDNFYCKRLLKATGIVVVPGSGFRQVPGTWHFRCTILPQEDKIPAIVDRLTAFHQSFMDEFRD,543,282,303,1,0
5,263,sp|F4I7I0|ALAT1_ARATH,ATGJVVVPGSGFR,AT_indark_IEX_fraction_25a_20150422.uniprot-proteome%3AUP000006548_contam.combined-Results,1,MRRFVIGQAKNLIDQSRRRQLHHHKNLSFVSLIPPFSAPSDSSSRHLSSSSSSDMSASDSSSSLPVTLDTINPKVIKCEYAVRGEIVNIAQKLQEDLKTNKDAYPFDEIIYCNIGNPQSLGQQPITFFREVLALCSYTALLDESATHGLFSSDSIERAWKILDQIPGRATGAYSHSQGIKGLRDAIADGIEARDGFPADPNDIFMTDGASPGVHMMMQLLITSEKDGILCPIPQYPLYSASIALHGGTLVPYYLDEASGWGLEISELKKQLEDARSKGITVRALAVINPGNPTGQVLSEENQRDVVKFCKQEGLVLLADEVYQENVYVPDKKFHSFKKVARSMGYGEKDLALVSFQSVSKGYYGECGKRGGYMEVTGFTSDVREQIYKMASVNLCSNISGQILASLIMSPPKPGDDSYESYIAEKDGILSSLARRAKTLEEALNKLEGVTCNRAEGAMYLFPCLHLPQKAIAAAEAEKTAPDNFYCKRLLKATGIVVVPGSGFRQVPGTWHFRCTILPQEDKIPAIVDRLTAFHQSFMDEFRD,543,491,504,1,0
6,264,sp|F4I7I0|ALAT1_ARATH,ATGJVVVPGSGFR,AT_indark_IEX_fraction_31a_20150422.uniprot-proteome%3AUP000006548_contam.combined-Results,2,MRRFVIGQAKNLIDQSRRRQLHHHKNLSFVSLIPPFSAPSDSSSRHLSSSSSSDMSASDSSSSLPVTLDTINPKVIKCEYAVRGEIVNIAQKLQEDLKTNKDAYPFDEIIYCNIGNPQSLGQQPITFFREVLALCSYTALLDESATHGLFSSDSIERAWKILDQIPGRATGAYSHSQGIKGLRDAIADGIEARDGFPADPNDIFMTDGASPGVHMMMQLLITSEKDGILCPIPQYPLYSASIALHGGTLVPYYLDEASGWGLEISELKKQLEDARSKGITVRALAVINPGNPTGQVLSEENQRDVVKFCKQEGLVLLADEVYQENVYVPDKKFHSFKKVARSMGYGEKDLALVSFQSVSKGYYGECGKRGGYMEVTGFTSDVREQIYKMASVNLCSNISGQILASLIMSPPKPGDDSYESYIAEKDGILSSLARRAKTLEEALNKLEGVTCNRAEGAMYLFPCLHLPQKAIAAAEAEKTAPDNFYCKRLLKATGIVVVPGSGFRQVPGTWHFRCTILPQEDKIPAIVDRLTAFHQSFMDEFRD,543,491,504,1,0
7,265,sp|F4I7I0|ALAT1_ARATH,ATGJVVVPGSGFR,AT_indark_IEX_fraction_37a_20150426.uniprot-proteome%3AUP000006548_contam.combined-Results,1,MRRFVIGQAKNLIDQSRRRQLHHHKNLSFVSLIPPFSAPSDSSSRHLSSSSSSDMSASDSSSSLPVTLDTINPKVIKCEYAVRGEIVNIAQKLQEDLKTNKDAYPFDEIIYCNIGNPQSLGQQPITFFREVLALCSYTALLDESATHGLFSSDSIERAWKILDQIPGRATGAYSHSQGIKGLRDAIADGIEARDGFPADPNDIFMTDGASPGVHMMMQLLITSEKDGILCPIPQYPLYSASIALHGGTLVPYYLDEASGWGLEISELKKQLEDARSKGITVRALAVINPGNPTGQVLSEENQRDVVKFCKQEGLVLLADEVYQENVYVPDKKFHSFKKVARSMGYGEKDLALVSFQSVSKGYYGECGKRGGYMEVTGFTSDVREQIYKMASVNLCSNISGQILASLIMSPPKPGDDSYESYIAEKDGILSSLARRAKTLEEALNKLEGVTCNRAEGAMYLFPCLHLPQKAIAAAEAEKTAPDNFYCKRLLKATGIVVVPGSGFRQVPGTWHFRCTILPQEDKIPAIVDRLTAFHQSFMDEFRD,543,491,504,1,0
8,266,sp|F4I7I0|ALAT1_ARATH,ATGJVVVPGSGFR,AT_indark_IEX_fraction_38a_20150426.uniprot-proteome%3AUP000006548_contam.combined-Results,2,MRRFVIGQAKNLIDQSRRRQLHHHKNLSFVSLIPPFSAPSDSSSRHLSSSSSSDMSASDSSSSLPVTLDTINPKVIKCEYAVRGEIVNIAQKLQEDLKTNKDAYPFDEIIYCNIGNPQSLGQQPITFFREVLALCSYTALLDESATHGLFSSDSIERAWKILDQIPGRATGAYSHSQGIKGLRDAIADGIEARDGFPADPNDIFMTDGASPGVHMMMQLLITSEKDGILCPIPQYPLYSASIALHGGTLVPYYLDEASGWGLEISELKKQLEDARSKGITVRALAVINPGNPTGQVLSEENQRDVVKFCKQEGLVLLADEVYQENVYVPDKKFHSFKKVARSMGYGEKDLALVSFQSVSKGYYGECGKRGGYMEVTGFTSDVREQIYKMASVNLCSNISGQILASLIMSPPKPGDDSYESYIAEKDGILSSLARRAKTLEEALNKLEGVTCNRAEGAMYLFPCLHLPQKAIAAAEAEKTAPDNFYCKRLLKATGIVVVPGSGFRQVPGTWHFRCTILPQEDKIPAIVDRLTAFHQSFMDEFRD,543,491,504,1,0
9,267,sp|F4I7I0|ALAT1_ARATH,ATGJVVVPGSGFR,AT_indark_IEX_fraction_39a_20150426.uniprot-proteome%3AUP000006548_contam.combined-Results,2,MRRFVIGQAKNLIDQSRRRQLHHHKNLSFVSLIPPFSAPSDSSSRHLSSSSSSDMSASDSSSSLPVTLDTINPKVIKCEYAVRGEIVNIAQKLQEDLKTNKDAYPFDEIIYCNIGNPQSLGQQPITFFREVLALCSYTALLDESATHGLFSSDSIERAWKILDQIPGRATGAYSHSQGIKGLRDAIADGIEARDGFPADPNDIFMTDGASPGVHMMMQLLITSEKDGILCPIPQYPLYSASIALHGGTLVPYYLDEASGWGLEISELKKQLEDARSKGITVRALAVINPGNPTGQVLSEENQRDVVKFCKQEGLVLLADEVYQENVYVPDKKFHSFKKVARSMGYGEKDLALVSFQSVSKGYYGECGKRGGYMEVTGFTSDVREQIYKMASVNLCSNISGQILASLIMSPPKPGDDSYESYIAEKDGILSSLARRAKTLEEALNKLEGVTCNRAEGAMYLFPCLHLPQKAIAAAEAEKTAPDNFYCKRLLKATGIVVVPGSGFRQVPGTWHFRCTILPQEDKIPAIVDRLTAFHQSFMDEFRD,543,491,504,1,0
10,268,sp|F4I7I0|ALAT1_ARATH,ATGJVVVPGSGFR,AT_indark_IEX_fraction_40a_20150426.uniprot-proteome%3AUP000006548_contam.combined-Results,2,MRRFVIGQAKNLIDQSRRRQLHHHKNLSFVSLIPPFSAPSDSSSRHLSSSSSSDMSASDSSSSLPVTLDTINPKVIKCEYAVRGEIVNIAQKLQEDLKTNKDAYPFDEIIYCNIGNPQSLGQQPITFFREVLALCSYTALLDESATHGLFSSDSIERAWKILDQIPGRATGAYSHSQGIKGLRDAIADGIEARDGFPADPNDIFMTDGASPGVHMMMQLLITSEKDGILCPIPQYPLYSASIALHGGTLVPYYLDEASGWGLEISELKKQLEDARSKGITVRALAVINPGNPTGQVLSEENQRDVVKFCKQEGLVLLADEVYQENVYVPDKKFHSFKKVARSMGYGEKDLALVSFQSVSKGYYGECGKRGGYMEVTGFTSDVREQIYKMASVNLCSNISGQILASLIMSPPKPGDDSYESYIAEKDGILSSLARRAKTLEEALNKLEGVTCNRAEGAMYLFPCLHLPQKAIAAAEAEKTAPDNFYCKRLLKATGIVVVPGSGFRQVPGTWHFRCTILPQEDKIPAIVDRLTAFHQSFMDEFRD,543,491,504,1,0
11,269,sp|F4I7I0|ALAT1_ARATH,ATGJVVVPGSGFR,AT_indark_IEX_fraction_41a_20150426.uniprot-proteome%3AUP000006548_contam.combined-Results,1,MRRFVIGQAKNLIDQSRRRQLHHHKNLSFVSLIPPFSAPSDSSSRHLSSSSSSDMSASDSSSSLPVTLDTINPKVIKCEYAVRGEIVNIAQKLQEDLKTNKDAYPFDEIIYCNIGNPQSLGQQPITFFREVLALCSYTALLDESATHGLFSSDSIERAWKILDQIPGRATGAYSHSQGIKGLRDAIADGIEARDGFPADPNDIFMTDGASPGVHMMMQLLITSEKDGILCPIPQYPLYSASIALHGGTLVPYYLDEASGWGLEISELKKQLEDARSKGITVRALAVINPGNPTGQVLSEENQRDVVKFCKQEGLVLLADEVYQENVYVPDKKFHSFKKVARSMGYGEKDLALVSFQSVSKGYYGECGKRGGYMEVTGFTSDVREQIYKMASVNLCSNISGQILASLIMSPPKPGDDSYESYIAEKDGILSSLARRAKTLEEALNKLEGVTCNRAEGAMYLFPCLHLPQKAIAAAEAEKTAPDNFYCKRLLKATGIVVVPGSGFRQVPGTWHFRCTILPQEDKIPAIVDRLTAFHQSFMDEFRD,543,491,504,1,0
12,270,sp|F4I7I0|ALAT1_ARATH,ATGJVVVPGSGFR,AT_indark_IEX_fraction_43a_20150426.uniprot-proteome%3AUP000006548_contam.combined-Results,2,MRRFVIGQAKNLIDQSRRRQLHHHKNLSFVSLIPPFSAPSDSSSRHLSSSSSSDMSASDSSSSLPVTLDTINPKVIKCEYAVRGEIVNIAQKLQEDLKTNKDAYPFDEIIYCNIGNPQSLGQQPITFFREVLALCSYTALLDESATHGLFSSDSIERAWKILDQIPGRATGAYSHSQGIKGLRDAIADGIEARDGFPADPNDIFMTDGASPGVHMMMQLLITSEKDGILCPIPQYPLYSASIALHGGTLVPYYLDEASGWGLEISELKKQLEDARSKGITVRALAVINPGNPTGQVLSEENQRDVVKFCKQEGLVLLADEVYQENVYVPDKKFHSFKKVARSMGYGEKDLALVSFQSVSKGYYGECGKRGGYMEVTGFTSDVREQIYKMASVNLCSNISGQILASLIMSPPKPGDDSYESYIAEKDGILSSLARRAKTLEEALNKLEGVTCNRAEGAMYLFPCLHLPQKAIAAAEAEKTAPDNFYCKRLLKATGIVVVPGSGFRQVPGTWHFRCTILPQEDKIPAIVDRLTAFHQSFMDEFRD,543,491,504,1,0
13,271,sp|F4I7I0|ALAT1_ARATH,ATGJVVVPGSGFR,AT_indark_IEX_fraction_44a_20150426.uniprot-proteome%3AUP000006548_contam.combined-Results,2,MRRFVIGQAKNLIDQSRRRQLHHHKNLSFVSLIPPFSAPSDSSSRHLSSSSSSDMSASDSSSSLPVTLDTINPKVIKCEYAVRGEIVNIAQKLQEDLKTNKDAYPFDEIIYCNIGNPQSLGQQPITFFREVLALCSYTALLDESATHGLFSSDSIERAWKILDQIPGRATGAYSHSQGIKGLRDAIADGIEARDGFPADPNDIFMTDGASPGVHMMMQLLITSEKDGILCPIPQYPLYSASIALHGGTLVPYYLDEASGWGLEISELKKQLEDARSKGITVRALAVINPGNPTGQVLSEENQRDVVKFCKQEGLVLLADEVYQENVYVPDKKFHSFKKVARSMGYGEKDLALVSFQSVSKGYYGECGKRGGYMEVTGFTSDVREQIYKMASVNLCSNISGQILASLIMSPPKPGDDSYESYIAEKDGILSSLARRAKTLEEALNKLEGVTCNRAEGAMYLFPCLHLPQKAIAAAEAEKTAPDNFYCKRLLKATGIVVVPGSGFRQVPGTWHFRCTILPQEDKIPAIVDRLTAFHQSFMDEFRD,543,491,504,1,0
14,272,sp|F4I7I0|ALAT1_ARATH,ATGJVVVPGSGFR,AT_indark_IEX_fraction_45a_20150426.uniprot-proteome%3AUP000006548_contam.combined-Results,1,MRRFVIGQAKNLIDQSRRRQLHHHKNLSFVSLIPPFSAPSDSSSRHLSSSSSSDMSASDSSSSLPVTLDTINPKVIKCEYAVRGEIVNIAQKLQEDLKTNKDAYPFDEIIYCNIGNPQSLGQQPITFFREVLALCSYTALLDESATHGLFSSDSIERAWKILDQIPGRATGAYSHSQGIKGLRDAIADGIEARDGFPADPNDIFMTDGASPGVHMMMQLLITSEKDGILCPIPQYPLYSASIALHGGTLVPYYLDEASGWGLEISELKKQLEDARSKGITVRALAVINPGNPTGQVLSEENQRDVVKFCKQEGLVLLADEVYQENVYVPDKKFHSFKKVARSMGYGEKDLALVSFQSVSKGYYGECGKRGGYMEVTGFTSDVREQIYKMASVNLCSNISGQILASLIMSPPKPGDDSYESYIAEKDGILSSLARRAKTLEEALNKLEGVTCNRAEGAMYLFPCLHLPQKAIAAAEAEKTAPDNFYCKRLLKATGIVVVPGSGFRQVPGTWHFRCTILPQEDKIPAIVDRLTAFHQSFMDEFRD,543,491,504,1,0
15,273,sp|F4I7I0|ALAT1_ARATH,ATGJVVVPGSGFR,AT_indark_IEX_fraction_49a_20150426.uniprot-proteome%3AUP000006548_contam.combined-Results,1,MRRFVIGQAKNLIDQSRRRQLHHHKNLSFVSLIPPFSAPSDSSSRHLSSSSSSDMSASDSSSSLPVTLDTINPKVIKCEYAVRGEIVNIAQKLQEDLKTNKDAYPFDEIIYCNIGNPQSLGQQPITFFREVLALCSYTALLDESATHGLFSSDSIERAWKILDQIPGRATGAYSHSQGIKGLRDAIADGIEARDGFPADPNDIFMTDGASPGVHMMMQLLITSEKDGILCPIPQYPLYSASIALHGGTLVPYYLDEASGWGLEISELKKQLEDARSKGITVRALAVINPGNPTGQVLSEENQRDVVKFCKQEGLVLLADEVYQENVYVPDKKFHSFKKVARSMGYGEKDLALVSFQSVSKGYYGECGKRGGYMEVTGFTSDVREQIYKMASVNLCSNISGQILASLIMSPPKPGDDSYESYIAEKDGILSSLARRAKTLEEALNKLEGVTCNRAEGAMYLFPCLHLPQKAIAAAEAEKTAPDNFYCKRLLKATGIVVVPGSGFRQVPGTWHFRCTILPQEDKIPAIVDRLTAFHQSFMDEFRD,543,491,504,1,0
16,274,sp|F4I7I0|ALAT1_ARATH,ATGJVVVPGSGFR,AT_indark_IEX_fraction_50a_20150426.uniprot-proteome%3AUP000006548_contam.combined-Results,2,MRRFVIGQAKNLIDQSRRRQLHHHKNLSFVSLIPPFSAPSDSSSRHLSSSSSSDMSASDSSSSLPVTLDTINPKVIKCEYAVRGEIVNIAQKLQEDLKTNKDAYPFDEIIYCNIGNPQSLGQQPITFFREVLALCSYTALLDESATHGLFSSDSIERAWKILDQIPGRATGAYSHSQGIKGLRDAIADGIEARDGFPADPNDIFMTDGASPGVHMMMQLLITSEKDGILCPIPQYPLYSASIALHGGTLVPYYLDEASGWGLEISELKKQLEDARSKGITVRALAVINPGNPTGQVLSEENQRDVVKFCKQEGLVLLADEVYQENVYVPDKKFHSFKKVARSMGYGEKDLALVSFQSVSKGYYGECGKRGGYMEVTGFTSDVREQIYKMASVNLCSNISGQILASLIMSPPKPGDDSYESYIAEKDGILSSLARRAKTLEEALNKLEGVTCNRAEGAMYLFPCLHLPQKAIAAAEAEKTAPDNFYCKRLLKATGIVVVPGSGFRQVPGTWHFRCTILPQEDKIPAIVDRLTAFHQSFMDEFRD,543,491,504,1,0
17,275,sp|F4I7I0|ALAT1_ARATH,DAJADGJEAR,AT_indark_IEX_fraction_37a_20150426.uniprot-proteome%3AUP000006548_contam.combined-Results,2,MRRFVIGQAKNLIDQSRRRQLHHHKNLSFVSLIPPFSAPSDSSSRHLSSSSSSDMSASDSSSSLPVTLDTINPKVIKCEYAVRGEIVNIAQKLQEDLKTNKDAYPFDEIIYCNIGNPQSLGQQPITFFREVLALCSYTALLDESATHGLFSSDSIERAWKILDQIPGRATGAYSHSQGIKGLRDAIADGIEARDGFPADPNDIFMTDGASPGVHMMMQLLITSEKDGILCPIPQYPLYSASIALHGGTLVPYYLDEASGWGLEISELKKQLEDARSKGITVRALAVINPGNPTGQVLSEENQRDVVKFCKQEGLVLLADEVYQENVYVPDKKFHSFKKVARSMGYGEKDLALVSFQSVSKGYYGECGKRGGYMEVTGFTSDVREQIYKMASVNLCSNISGQILASLIMSPPKPGDDSYESYIAEKDGILSSLARRAKTLEEALNKLEGVTCNRAEGAMYLFPCLHLPQKAIAAAEAEKTAPDNFYCKRLLKATGIVVVPGSGFRQVPGTWHFRCTILPQEDKIPAIVDRLTAFHQSFMDEFRD,543,183,193,1,0
18,276,sp|F4I7I0|ALAT1_ARATH,DAJADGJEAR,AT_indark_IEX_fraction_38a_20150426.uniprot-proteome%3AUP000006548_contam.combined-Results,2,MRRFVIGQAKNLIDQSRRRQLHHHKNLSFVSLIPPFSAPSDSSSRHLSSSSSSDMSASDSSSSLPVTLDTINPKVIKCEYAVRGEIVNIAQKLQEDLKTNKDAYPFDEIIYCNIGNPQSLGQQPITFFREVLALCSYTALLDESATHGLFSSDSIERAWKILDQIPGRATGAYSHSQGIKGLRDAIADGIEARDGFPADPNDIFMTDGASPGVHMMMQLLITSEKDGILCPIPQYPLYSASIALHGGTLVPYYLDEASGWGLEISELKKQLEDARSKGITVRALAVINPGNPTGQVLSEENQRDVVKFCKQEGLVLLADEVYQENVYVPDKKFHSFKKVARSMGYGEKDLALVSFQSVSKGYYGECGKRGGYMEVTGFTSDVREQIYKMASVNLCSNISGQILASLIMSPPKPGDDSYESYIAEKDGILSSLARRAKTLEEALNKLEGVTCNRAEGAMYLFPCLHLPQKAIAAAEAEKTAPDNFYCKRLLKATGIVVVPGSGFRQVPGTWHFRCTILPQEDKIPAIVDRLTAFHQSFMDEFRD,543,183,193,1,0
19,277,sp|F4I7I0|ALAT1_ARATH,DAJADGJEAR,AT_indark_IEX_fraction_39a_20150426.uniprot-proteome%3AUP000006548_contam.combined-Results,1,MRRFVIGQAKNLIDQSRRRQLHHHKNLSFVSLIPPFSAPSDSSSRHLSSSSSSDMSASDSSSSLPVTLDTINPKVIKCEYAVRGEIVNIAQKLQEDLKTNKDAYPFDEIIYCNIGNPQSLGQQPITFFREVLALCSYTALLDESATHGLFSSDSIERAWKILDQIPGRATGAYSHSQGIKGLRDAIADGIEARDGFPADPNDIFMTDGASPGVHMMMQLLITSEKDGILCPIPQYPLYSASIALHGGTLVPYYLDEASGWGLEISELKKQLEDARSKGITVRALAVINPGNPTGQVLSEENQRDVVKFCKQEGLVLLADEVYQENVYVPDKKFHSFKKVARSMGYGEKDLALVSFQSVSKGYYGECGKRGGYMEVTGFTSDVREQIYKMASVNLCSNISGQILASLIMSPPKPGDDSYESYIAEKDGILSSLARRAKTLEEALNKLEGVTCNRAEGAMYLFPCLHLPQKAIAAAEAEKTAPDNFYCKRLLKATGIVVVPGSGFRQVPGTWHFRCTILPQEDKIPAIVDRLTAFHQSFMDEFRD,543,183,193,1,0
20,278,sp|F4I7I0|ALAT1_ARATH,DAJADGJEAR,AT_indark_IEX_fraction_40a_20150426.uniprot-proteome%3AUP000006548_contam.combined-Results,2,MRRFVIGQAKNLIDQSRRRQLHHHKNLSFVSLIPPFSAPSDSSSRHLSSSSSSDMSASDSSSSLPVTLDTINPKVIKCEYAVRGEIVNIAQKLQEDLKTNKDAYPFDEIIYCNIGNPQSLGQQPITFFREVLALCSYTALLDESATHGLFSSDSIERAWKILDQIPGRATGAYSHSQGIKGLRDAIADGIEARDGFPADPNDIFMTDGASPGVHMMMQLLITSEKDGILCPIPQYPLYSASIALHGGTLVPYYLDEASGWGLEISELKKQLEDARSKGITVRALAVINPGNPTGQVLSEENQRDVVKFCKQEGLVLLADEVYQENVYVPDKKFHSFKKVARSMGYGEKDLALVSFQSVSKGYYGECGKRGGYMEVTGFTSDVREQIYKMASVNLCSNISGQILASLIMSPPKPGDDSYESYIAEKDGILSSLARRAKTLEEALNKLEGVTCNRAEGAMYLFPCLHLPQKAIAAAEAEKTAPDNFYCKRLLKATGIVVVPGSGFRQVPGTWHFRCTILPQEDKIPAIVDRLTAFHQSFMDEFRD,543,183,193,1,0
21,279,sp|F4I7I0|ALAT1_ARATH,DAJADGJEAR,AT_indark_IEX_fraction_43a_20150426.uniprot-proteome%3AUP000006548_contam.combined-Results,2,MRRFVIGQAKNLIDQSRRRQLHHHKNLSFVSLIPPFSAPSDSSSRHLSSSSSSDMSASDSSSSLPVTLDTINPKVIKCEYAVRGEIVNIAQKLQEDLKTNKDAYPFDEIIYCNIGNPQSLGQQPITFFREVLALCSYTALLDESATHGLFSSDSIERAWKILDQIPGRATGAYSHSQGIKGLRDAIADGIEARDGFPADPNDIFMTDGASPGVHMMMQLLITSEKDGILCPIPQYPLYSASIALHGGTLVPYYLDEASGWGLEISELKKQLEDARSKGITVRALAVINPGNPTGQVLSEENQRDVVKFCKQEGLVLLADEVYQENVYVPDKKFHSFKKVARSMGYGEKDLALVSFQSVSKGYYGECGKRGGYMEVTGFTSDVREQIYKMASVNLCSNISGQILASLIMSPPKPGDDSYESYIAEKDGILSSLARRAKTLEEALNKLEGVTCNRAEGAMYLFPCLHLPQKAIAAAEAEKTAPDNFYCKRLLKATGIVVVPGSGFRQVPGTWHFRCTILPQEDKIPAIVDRLTAFHQSFMDEFRD,543,183,193,1,0
22,280,sp|F4I7I0|ALAT1_ARATH,DAJADGJEAR,AT_indark_IEX_fraction_44a_20150426.uniprot-proteome%3AUP000006548_contam.combined-Results,2,MRRFVIGQAKNLIDQSRRRQLHHHKNLSFVSLIPPFSAPSDSSSRHLSSSSSSDMSASDSSSSLPVTLDTINPKVIKCEYAVRGEIVNIAQKLQEDLKTNKDAYPFDEIIYCNIGNPQSLGQQPITFFREVLALCSYTALLDESATHGLFSSDSIERAWKILDQIPGRATGAYSHSQGIKGLRDAIADGIEARDGFPADPNDIFMTDGASPGVHMMMQLLITSEKDGILCPIPQYPLYSASIALHGGTLVPYYLDEASGWGLEISELKKQLEDARSKGITVRALAVINPGNPTGQVLSEENQRDVVKFCKQEGLVLLADEVYQENVYVPDKKFHSFKKVARSMGYGEKDLALVSFQSVSKGYYGECGKRGGYMEVTGFTSDVREQIYKMASVNLCSNISGQILASLIMSPPKPGDDSYESYIAEKDGILSSLARRAKTLEEALNKLEGVTCNRAEGAMYLFPCLHLPQKAIAAAEAEKTAPDNFYCKRLLKATGIVVVPGSGFRQVPGTWHFRCTILPQEDKIPAIVDRLTAFHQSFMDEFRD,543,183,193,1,0
23,281,sp|F4I7I0|ALAT1_ARATH,DAJADGJEAR,AT_indark_IEX_fraction_45a_20150426.uniprot-proteome%3AUP000006548_contam.combined-Results,2,MRRFVIGQAKNLIDQSRRRQLHHHKNLSFVSLIPPFSAPSDSSSRHLSSSSSSDMSASDSSSSLPVTLDTINPKVIKCEYAVRGEIVNIAQKLQEDLKTNKDAYPFDEIIYCNIGNPQSLGQQPITFFREVLALCSYTALLDESATHGLFSSDSIERAWKILDQIPGRATGAYSHSQGIKGLRDAIADGIEARDGFPADPNDIFMTDGASPGVHMMMQLLITSEKDGILCPIPQYPLYSASIALHGGTLVPYYLDEASGWGLEISELKKQLEDARSKGITVRALAVINPGNPTGQVLSEENQRDVVKFCKQEGLVLLADEVYQENVYVPDKKFHSFKKVARSMGYGEKDLALVSFQSVSKGYYGECGKRGGYMEVTGFTSDVREQIYKMASVNLCSNISGQILASLIMSPPKPGDDSYESYIAEKDGILSSLARRAKTLEEALNKLEGVTCNRAEGAMYLFPCLHLPQKAIAAAEAEKTAPDNFYCKRLLKATGIVVVPGSGFRQVPGTWHFRCTILPQEDKIPAIVDRLTAFHQSFMDEFRD,543,183,193,1,0
24,282,sp|F4I7I0|ALAT1_ARATH,DAJADGJEAR,AT_indark_IEX_fraction_48a_20150426.uniprot-proteome%3AUP000006548_contam.combined-Results,1,MRRFVIGQAKNLIDQSRRRQLHHHKNLSFVSLIPPFSAPSDSSSRHLSSSSSSDMSASDSSSSLPVTLDTINPKVIKCEYAVRGEIVNIAQKLQEDLKTNKDAYPFDEIIYCNIGNPQSLGQQPITFFREVLALCSYTALLDESATHGLFSSDSIERAWKILDQIPGRATGAYSHSQGIKGLRDAIADGIEARDGFPADPNDIFMTDGASPGVHMMMQLLITSEKDGILCPIPQYPLYSASIALHGGTLVPYYLDEASGWGLEISELKKQLEDARSKGITVRALAVINPGNPTGQVLSEENQRDVVKFCKQEGLVLLADEVYQENVYVPDKKFHSFKKVARSMGYGEKDLALVSFQSVSKGYYGECGKRGGYMEVTGFTSDVREQIYKMASVNLCSNISGQILASLIMSPPKPGDDSYESYIAEKDGILSSLARRAKTLEEALNKLEGVTCNRAEGAMYLFPCLHLPQKAIAAAEAEKTAPDNFYCKRLLKATGIVVVPGSGFRQVPGTWHFRCTILPQEDKIPAIVDRLTAFHQSFMDEFRD,543,183,193,1,0
25,283,sp|F4I7I0|ALAT1_ARATH,DAJADGJEAR,AT_indark_IEX_fraction_49a_20150426.uniprot-proteome%3AUP000006548_contam.combined-Results,2,MRRFVIGQAKNLIDQSRRRQLHHHKNLSFVSLIPPFSAPSDSSSRHLSSSSSSDMSASDSSSSLPVTLDTINPKVIKCEYAVRGEIVNIAQKLQEDLKTNKDAYPFDEIIYCNIGNPQSLGQQPITFFREVLALCSYTALLDESATHGLFSSDSIERAWKILDQIPGRATGAYSHSQGIKGLRDAIADGIEARDGFPADPNDIFMTDGASPGVHMMMQLLITSEKDGILCPIPQYPLYSASIALHGGTLVPYYLDEASGWGLEISELKKQLEDARSKGITVRALAVINPGNPTGQVLSEENQRDVVKFCKQEGLVLLADEVYQENVYVPDKKFHSFKKVARSMGYGEKDLALVSFQSVSKGYYGECGKRGGYMEVTGFTSDVREQIYKMASVNLCSNISGQILASLIMSPPKPGDDSYESYIAEKDGILSSLARRAKTLEEALNKLEGVTCNRAEGAMYLFPCLHLPQKAIAAAEAEKTAPDNFYCKRLLKATGIVVVPGSGFRQVPGTWHFRCTILPQEDKIPAIVDRLTAFHQSFMDEFRD,543,183,193,1,0
26,284,sp|F4I7I0|ALAT1_ARATH,DAJADGJEAR,AT_indark_IEX_fraction_61a_20150429.uniprot-proteome%3AUP000006548_contam.combined-Results,1,MRRFVIGQAKNLIDQSRRRQLHHHKNLSFVSLIPPFSAPSDSSSRHLSSSSSSDMSASDSSSSLPVTLDTINPKVIKCEYAVRGEIVNIAQKLQEDLKTNKDAYPFDEIIYCNIGNPQSLGQQPITFFREVLALCSYTALLDESATHGLFSSDSIERAWKILDQIPGRATGAYSHSQGIKGLRDAIADGIEARDGFPADPNDIFMTDGASPGVHMMMQLLITSEKDGILCPIPQYPLYSASIALHGGTLVPYYLDEASGWGLEISELKKQLEDARSKGITVRALAVINPGNPTGQVLSEENQRDVVKFCKQEGLVLLADEVYQENVYVPDKKFHSFKKVARSMGYGEKDLALVSFQSVSKGYYGECGKRGGYMEVTGFTSDVREQIYKMASVNLCSNISGQILASLIMSPPKPGDDSYESYIAEKDGILSSLARRAKTLEEALNKLEGVTCNRAEGAMYLFPCLHLPQKAIAAAEAEKTAPDNFYCKRLLKATGIVVVPGSGFRQVPGTWHFRCTILPQEDKIPAIVDRLTAFHQSFMDEFRD,543,183,193,1,0
27,285,sp|F4I7I0|ALAT1_ARATH,DAJADGJEAR,AT_indark_IEX_fraction_66a_20150429.uniprot-proteome%3AUP000006548_contam.combined-Results,1,MRRFVIGQAKNLIDQSRRRQLHHHKNLSFVSLIPPFSAPSDSSSRHLSSSSSSDMSASDSSSSLPVTLDTINPKVIKCEYAVRGEIVNIAQKLQEDLKTNKDAYPFDEIIYCNIGNPQSLGQQPITFFREVLALCSYTALLDESATHGLFSSDSIERAWKILDQIPGRATGAYSHSQGIKGLRDAIADGIEARDGFPADPNDIFMTDGASPGVHMMMQLLITSEKDGILCPIPQYPLYSASIALHGGTLVPYYLDEASGWGLEISELKKQLEDARSKGITVRALAVINPGNPTGQVLSEENQRDVVKFCKQEGLVLLADEVYQENVYVPDKKFHSFKKVARSMGYGEKDLALVSFQSVSKGYYGECGKRGGYMEVTGFTSDVREQIYKMASVNLCSNISGQILASLIMSPPKPGDDSYESYIAEKDGILSSLARRAKTLEEALNKLEGVTCNRAEGAMYLFPCLHLPQKAIAAAEAEKTAPDNFYCKRLLKATGIVVVPGSGFRQVPGTWHFRCTILPQEDKIPAIVDRLTAFHQSFMDEFRD,543,183,193,1,0
28,286,sp|F4I7I0|ALAT1_ARATH,DGJJSSJAR,AT_indark_IEX_fraction_25a_20150422.uniprot-proteome%3AUP000006548_contam.combined-Results,1,MRRFVIGQAKNLIDQSRRRQLHHHKNLSFVSLIPPFSAPSDSSSRHLSSSSSSDMSASDSSSSLPVTLDTINPKVIKCEYAVRGEIVNIAQKLQEDLKTNKDAYPFDEIIYCNIGNPQSLGQQPITFFREVLALCSYTALLDESATHGLFSSDSIERAWKILDQIPGRATGAYSHSQGIKGLRDAIADGIEARDGFPADPNDIFMTDGASPGVHMMMQLLITSEKDGILCPIPQYPLYSASIALHGGTLVPYYLDEASGWGLEISELKKQLEDARSKGITVRALAVINPGNPTGQVLSEENQRDVVKFCKQEGLVLLADEVYQENVYVPDKKFHSFKKVARSMGYGEKDLALVSFQSVSKGYYGECGKRGGYMEVTGFTSDVREQIYKMASVNLCSNISGQILASLIMSPPKPGDDSYESYIAEKDGILSSLARRAKTLEEALNKLEGVTCNRAEGAMYLFPCLHLPQKAIAAAEAEKTAPDNFYCKRLLKATGIVVVPGSGFRQVPGTWHFRCTILPQEDKIPAIVDRLTAFHQSFMDEFRD,543,425,434,1,0
29,287,sp|F4I7I0|ALAT1_ARATH,DGJJSSJAR,AT_indark_IEX_fraction_31a_20150422.uniprot-proteome%3AUP000006548_contam.combined-Results,1,MRRFVIGQAKNLIDQSRRRQLHHHKNLSFVSLIPPFSAPSDSSSRHLSSSSSSDMSASDSSSSLPVTLDTINPKVIKCEYAVRGEIVNIAQKLQEDLKTNKDAYPFDEIIYCNIGNPQSLGQQPITFFREVLALCSYTALLDESATHGLFSSDSIERAWKILDQIPGRATGAYSHSQGIKGLRDAIADGIEARDGFPADPNDIFMTDGASPGVHMMMQLLITSEKDGILCPIPQYPLYSASIALHGGTLVPYYLDEASGWGLEISELKKQLEDARSKGITVRALAVINPGNPTGQVLSEENQRDVVKFCKQEGLVLLADEVYQENVYVPDKKFHSFKKVARSMGYGEKDLALVSFQSVSKGYYGECGKRGGYMEVTGFTSDVREQIYKMASVNLCSNISGQILASLIMSPPKPGDDSYESYIAEKDGILSSLARRAKTLEEALNKLEGVTCNRAEGAMYLFPCLHLPQKAIAAAEAEKTAPDNFYCKRLLKATGIVVVPGSGFRQVPGTWHFRCTILPQEDKIPAIVDRLTAFHQSFMDEFRD,543,425,434,1,0
30,288,sp|F4I7I0|ALAT1_ARATH,DGJJSSJAR,AT_indark_IEX_fraction_37a_20150426.uniprot-proteome%3AUP000006548_contam.combined-Results,2,MRRFVIGQAKNLIDQSRRRQLHHHKNLSFVSLIPPFSAPSDSSSRHLSSSSSSDMSASDSSSSLPVTLDTINPKVIKCEYAVRGEIVNIAQKLQEDLKTNKDAYPFDEIIYCNIGNPQSLGQQPITFFREVLALCSYTALLDESATHGLFSSDSIERAWKILDQIPGRATGAYSHSQGIKGLRDAIADGIEARDGFPADPNDIFMTDGASPGVHMMMQLLITSEKDGILCPIPQYPLYSASIALHGGTLVPYYLDEASGWGLEISELKKQLEDARSKGITVRALAVINPGNPTGQVLSEENQRDVVKFCKQEGLVLLADEVYQENVYVPDKKFHSFKKVARSMGYGEKDLALVSFQSVSKGYYGECGKRGGYMEVTGFTSDVREQIYKMASVNLCSNISGQILASLIMSPPKPGDDSYESYIAEKDGILSSLARRAKTLEEALNKLEGVTCNRAEGAMYLFPCLHLPQKAIAAAEAEKTAPDNFYCKRLLKATGIVVVPGSGFRQVPGTWHFRCTILPQEDKIPAIVDRLTAFHQSFMDEFRD,543,425,434,1,0
31,289,sp|F4I7I0|ALAT1_ARATH,DGJJSSJAR,AT_indark_IEX_fraction_38a_20150426.uniprot-proteome%3AUP000006548_contam.combined-Results,2,MRRFVIGQAKNLIDQSRRRQLHHHKNLSFVSLIPPFSAPSDSSSRHLSSSSSSDMSASDSSSSLPVTLDTINPKVIKCEYAVRGEIVNIAQKLQEDLKTNKDAYPFDEIIYCNIGNPQSLGQQPITFFREVLALCSYTALLDESATHGLFSSDSIERAWKILDQIPGRATGAYSHSQGIKGLRDAIADGIEARDGFPADPNDIFMTDGASPGVHMMMQLLITSEKDGILCPIPQYPLYSASIALHGGTLVPYYLDEASGWGLEISELKKQLEDARSKGITVRALAVINPGNPTGQVLSEENQRDVVKFCKQEGLVLLADEVYQENVYVPDKKFHSFKKVARSMGYGEKDLALVSFQSVSKGYYGECGKRGGYMEVTGFTSDVREQIYKMASVNLCSNISGQILASLIMSPPKPGDDSYESYIAEKDGILSSLARRAKTLEEALNKLEGVTCNRAEGAMYLFPCLHLPQKAIAAAEAEKTAPDNFYCKRLLKATGIVVVPGSGFRQVPGTWHFRCTILPQEDKIPAIVDRLTAFHQSFMDEFRD,543,425,434,1,0
32,290,sp|F4I7I0|ALAT1_ARATH,DGJJSSJAR,AT_indark_IEX_fraction_39a_20150426.uniprot-proteome%3AUP000006548_contam.combined-Results,2,MRRFVIGQAKNLIDQSRRRQLHHHKNLSFVSLIPPFSAPSDSSSRHLSSSSSSDMSASDSSSSLPVTLDTINPKVIKCEYAVRGEIVNIAQKLQEDLKTNKDAYPFDEIIYCNIGNPQSLGQQPITFFREVLALCSYTALLDESATHGLFSSDSIERAWKILDQIPGRATGAYSHSQGIKGLRDAIADGIEARDGFPADPNDIFMTDGASPGVHMMMQLLITSEKDGILCPIPQYPLYSASIALHGGTLVPYYLDEASGWGLEISELKKQLEDARSKGITVRALAVINPGNPTGQVLSEENQRDVVKFCKQEGLVLLADEVYQENVYVPDKKFHSFKKVARSMGYGEKDLALVSFQSVSKGYYGECGKRGGYMEVTGFTSDVREQIYKMASVNLCSNISGQILASLIMSPPKPGDDSYESYIAEKDGILSSLARRAKTLEEALNKLEGVTCNRAEGAMYLFPCLHLPQKAIAAAEAEKTAPDNFYCKRLLKATGIVVVPGSGFRQVPGTWHFRCTILPQEDKIPAIVDRLTAFHQSFMDEFRD,543,425,434,1,0
33,291,sp|F4I7I0|ALAT1_ARATH,DGJJSSJAR,AT_indark_IEX_fraction_40a_20150426.uniprot-proteome%3AUP000006548_contam.combined-Results,1,MRRFVIGQAKNLIDQSRRRQLHHHKNLSFVSLIPPFSAPSDSSSRHLSSSSSSDMSASDSSSSLPVTLDTINPKVIKCEYAVRGEIVNIAQKLQEDLKTNKDAYPFDEIIYCNIGNPQSLGQQPITFFREVLALCSYTALLDESATHGLFSSDSIERAWKILDQIPGRATGAYSHSQGIKGLRDAIADGIEARDGFPADPNDIFMTDGASPGVHMMMQLLITSEKDGILCPIPQYPLYSASIALHGGTLVPYYLDEASGWGLEISELKKQLEDARSKGITVRALAVINPGNPTGQVLSEENQRDVVKFCKQEGLVLLADEVYQENVYVPDKKFHSFKKVARSMGYGEKDLALVSFQSVSKGYYGECGKRGGYMEVTGFTSDVREQIYKMASVNLCSNISGQILASLIMSPPKPGDDSYESYIAEKDGILSSLARRAKTLEEALNKLEGVTCNRAEGAMYLFPCLHLPQKAIAAAEAEKTAPDNFYCKRLLKATGIVVVPGSGFRQVPGTWHFRCTILPQEDKIPAIVDRLTAFHQSFMDEFRD,543,425,434,1,0
34,292,sp|F4I7I0|ALAT1_ARATH,DGJJSSJAR,AT_indark_IEX_fraction_43a_20150426.uniprot-proteome%3AUP000006548_contam.combined-Results,2,MRRFVIGQAKNLIDQSRRRQLHHHKNLSFVSLIPPFSAPSDSSSRHLSSSSSSDMSASDSSSSLPVTLDTINPKVIKCEYAVRGEIVNIAQKLQEDLKTNKDAYPFDEIIYCNIGNPQSLGQQPITFFREVLALCSYTALLDESATHGLFSSDSIERAWKILDQIPGRATGAYSHSQGIKGLRDAIADGIEARDGFPADPNDIFMTDGASPGVHMMMQLLITSEKDGILCPIPQYPLYSASIALHGGTLVPYYLDEASGWGLEISELKKQLEDARSKGITVRALAVINPGNPTGQVLSEENQRDVVKFCKQEGLVLLADEVYQENVYVPDKKFHSFKKVARSMGYGEKDLALVSFQSVSKGYYGECGKRGGYMEVTGFTSDVREQIYKMASVNLCSNISGQILASLIMSPPKPGDDSYESYIAEKDGILSSLARRAKTLEEALNKLEGVTCNRAEGAMYLFPCLHLPQKAIAAAEAEKTAPDNFYCKRLLKATGIVVVPGSGFRQVPGTWHFRCTILPQEDKIPAIVDRLTAFHQSFMDEFRD,543,425,434,1,0
35,293,sp|F4I7I0|ALAT1_ARATH,DJAJVSFQSVSK,AT_indark_IEX_fraction_39a_20150426.uniprot-proteome%3AUP000006548_contam.combined-Results,2,MRRFVIGQAKNLIDQSRRRQLHHHKNLSFVSLIPPFSAPSDSSSRHLSSSSSSDMSASDSSSSLPVTLDTINPKVIKCEYAVRGEIVNIAQKLQEDLKTNKDAYPFDEIIYCNIGNPQSLGQQPITFFREVLALCSYTALLDESATHGLFSSDSIERAWKILDQIPGRATGAYSHSQGIKGLRDAIADGIEARDGFPADPNDIFMTDGASPGVHMMMQLLITSEKDGILCPIPQYPLYSASIALHGGTLVPYYLDEASGWGLEISELKKQLEDARSKGITVRALAVINPGNPTGQVLSEENQRDVVKFCKQEGLVLLADEVYQENVYVPDKKFHSFKKVARSMGYGEKDLALVSFQSVSKGYYGECGKRGGYMEVTGFTSDVREQIYKMASVNLCSNISGQILASLIMSPPKPGDDSYESYIAEKDGILSSLARRAKTLEEALNKLEGVTCNRAEGAMYLFPCLHLPQKAIAAAEAEKTAPDNFYCKRLLKATGIVVVPGSGFRQVPGTWHFRCTILPQEDKIPAIVDRLTAFHQSFMDEFRD,543,348,360,1,0
36,294,sp|F4I7I0|ALAT1_ARATH,EQJYKMASVNJCSNJSGQJJASJJMSPPKPGDDSYESYJAEK,AT_indark_IEX_fraction_41a_20150426.uniprot-proteome%3AUP000006548_contam.combined-Results,1,MRRFVIGQAKNLIDQSRRRQLHHHKNLSFVSLIPPFSAPSDSSSRHLSSSSSSDMSASDSSSSLPVTLDTINPKVIKCEYAVRGEIVNIAQKLQEDLKTNKDAYPFDEIIYCNIGNPQSLGQQPITFFREVLALCSYTALLDESATHGLFSSDSIERAWKILDQIPGRATGAYSHSQGIKGLRDAIADGIEARDGFPADPNDIFMTDGASPGVHMMMQLLITSEKDGILCPIPQYPLYSASIALHGGTLVPYYLDEASGWGLEISELKKQLEDARSKGITVRALAVINPGNPTGQVLSEENQRDVVKFCKQEGLVLLADEVYQENVYVPDKKFHSFKKVARSMGYGEKDLALVSFQSVSKGYYGECGKRGGYMEVTGFTSDVREQIYKMASVNLCSNISGQILASLIMSPPKPGDDSYESYIAEKDGILSSLARRAKTLEEALNKLEGVTCNRAEGAMYLFPCLHLPQKAIAAAEAEKTAPDNFYCKRLLKATGIVVVPGSGFRQVPGTWHFRCTILPQEDKIPAIVDRLTAFHQSFMDEFRD,543,383,425,1,0
37,295,sp|F4I7I0|ALAT1_ARATH,JJDQJPGR,AT_indark_IEX_fraction_24a_20150422.uniprot-proteome%3AUP000006548_contam.combined-Results,2,MRRFVIGQAKNLIDQSRRRQLHHHKNLSFVSLIPPFSAPSDSSSRHLSSSSSSDMSASDSSSSLPVTLDTINPKVIKCEYAVRGEIVNIAQKLQEDLKTNKDAYPFDEIIYCNIGNPQSLGQQPITFFREVLALCSYTALLDESATHGLFSSDSIERAWKILDQIPGRATGAYSHSQGIKGLRDAIADGIEARDGFPADPNDIFMTDGASPGVHMMMQLLITSEKDGILCPIPQYPLYSASIALHGGTLVPYYLDEASGWGLEISELKKQLEDARSKGITVRALAVINPGNPTGQVLSEENQRDVVKFCKQEGLVLLADEVYQENVYVPDKKFHSFKKVARSMGYGEKDLALVSFQSVSKGYYGECGKRGGYMEVTGFTSDVREQIYKMASVNLCSNISGQILASLIMSPPKPGDDSYESYIAEKDGILSSLARRAKTLEEALNKLEGVTCNRAEGAMYLFPCLHLPQKAIAAAEAEKTAPDNFYCKRLLKATGIVVVPGSGFRQVPGTWHFRCTILPQEDKIPAIVDRLTAFHQSFMDEFRD,543,160,168,1,1
38,296,sp|F4I7I0|ALAT1_ARATH,JJDQJPGR,AT_indark_IEX_fraction_25a_20150422.uniprot-proteome%3AUP000006548_contam.combined-Results,1,MRRFVIGQAKNLIDQSRRRQLHHHKNLSFVSLIPPFSAPSDSSSRHLSSSSSSDMSASDSSSSLPVTLDTINPKVIKCEYAVRGEIVNIAQKLQEDLKTNKDAYPFDEIIYCNIGNPQSLGQQPITFFREVLALCSYTALLDESATHGLFSSDSIERAWKILDQIPGRATGAYSHSQGIKGLRDAIADGIEARDGFPADPNDIFMTDGASPGVHMMMQLLITSEKDGILCPIPQYPLYSASIALHGGTLVPYYLDEASGWGLEISELKKQLEDARSKGITVRALAVINPGNPTGQVLSEENQRDVVKFCKQEGLVLLADEVYQENVYVPDKKFHSFKKVARSMGYGEKDLALVSFQSVSKGYYGECGKRGGYMEVTGFTSDVREQIYKMASVNLCSNISGQILASLIMSPPKPGDDSYESYIAEKDGILSSLARRAKTLEEALNKLEGVTCNRAEGAMYLFPCLHLPQKAIAAAEAEKTAPDNFYCKRLLKATGIVVVPGSGFRQVPGTWHFRCTILPQEDKIPAIVDRLTAFHQSFMDEFRD,543,160,168,1,1
39,297,sp|F4I7I0|ALAT1_ARATH,JJDQJPGR,AT_indark_IEX_fraction_27a_20150422.uniprot-proteome%3AUP000006548_contam.combined-Results,2,MRRFVIGQAKNLIDQSRRRQLHHHKNLSFVSLIPPFSAPSDSSSRHLSSSSSSDMSASDSSSSLPVTLDTINPKVIKCEYAVRGEIVNIAQKLQEDLKTNKDAYPFDEIIYCNIGNPQSLGQQPITFFREVLALCSYTALLDESATHGLFSSDSIERAWKILDQIPGRATGAYSHSQGIKGLRDAIADGIEARDGFPADPNDIFMTDGASPGVHMMMQLLITSEKDGILCPIPQYPLYSASIALHGGTLVPYYLDEASGWGLEISELKKQLEDARSKGITVRALAVINPGNPTGQVLSEENQRDVVKFCKQEGLVLLADEVYQENVYVPDKKFHSFKKVARSMGYGEKDLALVSFQSVSKGYYGECGKRGGYMEVTGFTSDVREQIYKMASVNLCSNISGQILASLIMSPPKPGDDSYESYIAEKDGILSSLARRAKTLEEALNKLEGVTCNRAEGAMYLFPCLHLPQKAIAAAEAEKTAPDNFYCKRLLKATGIVVVPGSGFRQVPGTWHFRCTILPQEDKIPAIVDRLTAFHQSFMDEFRD,543,160,168,1,1
40,298,sp|F4I7I0|ALAT1_ARATH,JJDQJPGR,AT_indark_IEX_fraction_29a_20150422.uniprot-proteome%3AUP000006548_contam.combined-Results,2,MRRFVIGQAKNLIDQSRRRQLHHHKNLSFVSLIPPFSAPSDSSSRHLSSSSSSDMSASDSSSSLPVTLDTINPKVIKCEYAVRGEIVNIAQKLQEDLKTNKDAYPFDEIIYCNIGNPQSLGQQPITFFREVLALCSYTALLDESATHGLFSSDSIERAWKILDQIPGRATGAYSHSQGIKGLRDAIADGIEARDGFPADPNDIFMTDGASPGVHMMMQLLITSEKDGILCPIPQYPLYSASIALHGGTLVPYYLDEASGWGLEISELKKQLEDARSKGITVRALAVINPGNPTGQVLSEENQRDVVKFCKQEGLVLLADEVYQENVYVPDKKFHSFKKVARSMGYGEKDLALVSFQSVSKGYYGECGKRGGYMEVTGFTSDVREQIYKMASVNLCSNISGQILASLIMSPPKPGDDSYESYIAEKDGILSSLARRAKTLEEALNKLEGVTCNRAEGAMYLFPCLHLPQKAIAAAEAEKTAPDNFYCKRLLKATGIVVVPGSGFRQVPGTWHFRCTILPQEDKIPAIVDRLTAFHQSFMDEFRD,543,160,168,1,1
41,299,sp|F4I7I0|ALAT1_ARATH,JJDQJPGR,AT_indark_IEX_fraction_31a_20150422.uniprot-proteome%3AUP000006548_contam.combined-Results,2,MRRFVIGQAKNLIDQSRRRQLHHHKNLSFVSLIPPFSAPSDSSSRHLSSSSSSDMSASDSSSSLPVTLDTINPKVIKCEYAVRGEIVNIAQKLQEDLKTNKDAYPFDEIIYCNIGNPQSLGQQPITFFREVLALCSYTALLDESATHGLFSSDSIERAWKILDQIPGRATGAYSHSQGIKGLRDAIADGIEARDGFPADPNDIFMTDGASPGVHMMMQLLITSEKDGILCPIPQYPLYSASIALHGGTLVPYYLDEASGWGLEISELKKQLEDARSKGITVRALAVINPGNPTGQVLSEENQRDVVKFCKQEGLVLLADEVYQENVYVPDKKFHSFKKVARSMGYGEKDLALVSFQSVSKGYYGECGKRGGYMEVTGFTSDVREQIYKMASVNLCSNISGQILASLIMSPPKPGDDSYESYIAEKDGILSSLARRAKTLEEALNKLEGVTCNRAEGAMYLFPCLHLPQKAIAAAEAEKTAPDNFYCKRLLKATGIVVVPGSGFRQVPGTWHFRCTILPQEDKIPAIVDRLTAFHQSFMDEFRD,543,160,168,1,1
42,300,sp|F4I7I0|ALAT1_ARATH,JJDQJPGR,AT_indark_IEX_fraction_32a_20150422.uniprot-proteome%3AUP000006548_contam.combined-Results,2,MRRFVIGQAKNLIDQSRRRQLHHHKNLSFVSLIPPFSAPSDSSSRHLSSSSSSDMSASDSSSSLPVTLDTINPKVIKCEYAVRGEIVNIAQKLQEDLKTNKDAYPFDEIIYCNIGNPQSLGQQPITFFREVLALCSYTALLDESATHGLFSSDSIERAWKILDQIPGRATGAYSHSQGIKGLRDAIADGIEARDGFPADPNDIFMTDGASPGVHMMMQLLITSEKDGILCPIPQYPLYSASIALHGGTLVPYYLDEASGWGLEISELKKQLEDARSKGITVRALAVINPGNPTGQVLSEENQRDVVKFCKQEGLVLLADEVYQENVYVPDKKFHSFKKVARSMGYGEKDLALVSFQSVSKGYYGECGKRGGYMEVTGFTSDVREQIYKMASVNLCSNISGQILASLIMSPPKPGDDSYESYIAEKDGILSSLARRAKTLEEALNKLEGVTCNRAEGAMYLFPCLHLPQKAIAAAEAEKTAPDNFYCKRLLKATGIVVVPGSGFRQVPGTWHFRCTILPQEDKIPAIVDRLTAFHQSFMDEFRD,543,160,168,1,1
43,301,sp|F4I7I0|ALAT1_ARATH,JJDQJPGR,AT_indark_IEX_fraction_33a_20150422.uniprot-proteome%3AUP000006548_contam.combined-Results,2,MRRFVIGQAKNLIDQSRRRQLHHHKNLSFVSLIPPFSAPSDSSSRHLSSSSSSDMSASDSSSSLPVTLDTINPKVIKCEYAVRGEIVNIAQKLQEDLKTNKDAYPFDEIIYCNIGNPQSLGQQPITFFREVLALCSYTALLDESATHGLFSSDSIERAWKILDQIPGRATGAYSHSQGIKGLRDAIADGIEARDGFPADPNDIFMTDGASPGVHMMMQLLITSEKDGILCPIPQYPLYSASIALHGGTLVPYYLDEASGWGLEISELKKQLEDARSKGITVRALAVINPGNPTGQVLSEENQRDVVKFCKQEGLVLLADEVYQENVYVPDKKFHSFKKVARSMGYGEKDLALVSFQSVSKGYYGECGKRGGYMEVTGFTSDVREQIYKMASVNLCSNISGQILASLIMSPPKPGDDSYESYIAEKDGILSSLARRAKTLEEALNKLEGVTCNRAEGAMYLFPCLHLPQKAIAAAEAEKTAPDNFYCKRLLKATGIVVVPGSGFRQVPGTWHFRCTILPQEDKIPAIVDRLTAFHQSFMDEFRD,543,160,168,1,1
44,302,sp|F4I7I0|ALAT1_ARATH,JJDQJPGR,AT_indark_IEX_fraction_34a_20150422.uniprot-proteome%3AUP000006548_contam.combined-Results,2,MRRFVIGQAKNLIDQSRRRQLHHHKNLSFVSLIPPFSAPSDSSSRHLSSSSSSDMSASDSSSSLPVTLDTINPKVIKCEYAVRGEIVNIAQKLQEDLKTNKDAYPFDEIIYCNIGNPQSLGQQPITFFREVLALCSYTALLDESATHGLFSSDSIERAWKILDQIPGRATGAYSHSQGIKGLRDAIADGIEARDGFPADPNDIFMTDGASPGVHMMMQLLITSEKDGILCPIPQYPLYSASIALHGGTLVPYYLDEASGWGLEISELKKQLEDARSKGITVRALAVINPGNPTGQVLSEENQRDVVKFCKQEGLVLLADEVYQENVYVPDKKFHSFKKVARSMGYGEKDLALVSFQSVSKGYYGECGKRGGYMEVTGFTSDVREQIYKMASVNLCSNISGQILASLIMSPPKPGDDSYESYIAEKDGILSSLARRAKTLEEALNKLEGVTCNRAEGAMYLFPCLHLPQKAIAAAEAEKTAPDNFYCKRLLKATGIVVVPGSGFRQVPGTWHFRCTILPQEDKIPAIVDRLTAFHQSFMDEFRD,543,160,168,1,1
45,303,sp|F4I7I0|ALAT1_ARATH,JJDQJPGR,AT_indark_IEX_fraction_35a_20150422.uniprot-proteome%3AUP000006548_contam.combined-Results,1,MRRFVIGQAKNLIDQSRRRQLHHHKNLSFVSLIPPFSAPSDSSSRHLSSSSSSDMSASDSSSSLPVTLDTINPKVIKCEYAVRGEIVNIAQKLQEDLKTNKDAYPFDEIIYCNIGNPQSLGQQPITFFREVLALCSYTALLDESATHGLFSSDSIERAWKILDQIPGRATGAYSHSQGIKGLRDAIADGIEARDGFPADPNDIFMTDGASPGVHMMMQLLITSEKDGILCPIPQYPLYSASIALHGGTLVPYYLDEASGWGLEISELKKQLEDARSKGITVRALAVINPGNPTGQVLSEENQRDVVKFCKQEGLVLLADEVYQENVYVPDKKFHSFKKVARSMGYGEKDLALVSFQSVSKGYYGECGKRGGYMEVTGFTSDVREQIYKMASVNLCSNISGQILASLIMSPPKPGDDSYESYIAEKDGILSSLARRAKTLEEALNKLEGVTCNRAEGAMYLFPCLHLPQKAIAAAEAEKTAPDNFYCKRLLKATGIVVVPGSGFRQVPGTWHFRCTILPQEDKIPAIVDRLTAFHQSFMDEFRD,543,160,168,1,1
46,304,sp|F4I7I0|ALAT1_ARATH,JJDQJPGR,AT_indark_IEX_fraction_37a_20150426.uniprot-proteome%3AUP000006548_contam.combined-Results,3,MRRFVIGQAKNLIDQSRRRQLHHHKNLSFVSLIPPFSAPSDSSSRHLSSSSSSDMSASDSSSSLPVTLDTINPKVIKCEYAVRGEIVNIAQKLQEDLKTNKDAYPFDEIIYCNIGNPQSLGQQPITFFREVLALCSYTALLDESATHGLFSSDSIERAWKILDQIPGRATGAYSHSQGIKGLRDAIADGIEARDGFPADPNDIFMTDGASPGVHMMMQLLITSEKDGILCPIPQYPLYSASIALHGGTLVPYYLDEASGWGLEISELKKQLEDARSKGITVRALAVINPGNPTGQVLSEENQRDVVKFCKQEGLVLLADEVYQENVYVPDKKFHSFKKVARSMGYGEKDLALVSFQSVSKGYYGECGKRGGYMEVTGFTSDVREQIYKMASVNLCSNISGQILASLIMSPPKPGDDSYESYIAEKDGILSSLARRAKTLEEALNKLEGVTCNRAEGAMYLFPCLHLPQKAIAAAEAEKTAPDNFYCKRLLKATGIVVVPGSGFRQVPGTWHFRCTILPQEDKIPAIVDRLTAFHQSFMDEFRD,543,160,168,1,1
47,305,sp|F4I7I0|ALAT1_ARATH,JJDQJPGR,AT_indark_IEX_fraction_38a_20150426.uniprot-proteome%3AUP000006548_contam.combined-Results,4,MRRFVIGQAKNLIDQSRRRQLHHHKNLSFVSLIPPFSAPSDSSSRHLSSSSSSDMSASDSSSSLPVTLDTINPKVIKCEYAVRGEIVNIAQKLQEDLKTNKDAYPFDEIIYCNIGNPQSLGQQPITFFREVLALCSYTALLDESATHGLFSSDSIERAWKILDQIPGRATGAYSHSQGIKGLRDAIADGIEARDGFPADPNDIFMTDGASPGVHMMMQLLITSEKDGILCPIPQYPLYSASIALHGGTLVPYYLDEASGWGLEISELKKQLEDARSKGITVRALAVINPGNPTGQVLSEENQRDVVKFCKQEGLVLLADEVYQENVYVPDKKFHSFKKVARSMGYGEKDLALVSFQSVSKGYYGECGKRGGYMEVTGFTSDVREQIYKMASVNLCSNISGQILASLIMSPPKPGDDSYESYIAEKDGILSSLARRAKTLEEALNKLEGVTCNRAEGAMYLFPCLHLPQKAIAAAEAEKTAPDNFYCKRLLKATGIVVVPGSGFRQVPGTWHFRCTILPQEDKIPAIVDRLTAFHQSFMDEFRD,543,160,168,1,1
48,306,sp|F4I7I0|ALAT1_ARATH,JJDQJPGR,AT_indark_IEX_fraction_39a_20150426.uniprot-proteome%3AUP000006548_contam.combined-Results,2,MRRFVIGQAKNLIDQSRRRQLHHHKNLSFVSLIPPFSAPSDSSSRHLSSSSSSDMSASDSSSSLPVTLDTINPKVIKCEYAVRGEIVNIAQKLQEDLKTNKDAYPFDEIIYCNIGNPQSLGQQPITFFREVLALCSYTALLDESATHGLFSSDSIERAWKILDQIPGRATGAYSHSQGIKGLRDAIADGIEARDGFPADPNDIFMTDGASPGVHMMMQLLITSEKDGILCPIPQYPLYSASIALHGGTLVPYYLDEASGWGLEISELKKQLEDARSKGITVRALAVINPGNPTGQVLSEENQRDVVKFCKQEGLVLLADEVYQENVYVPDKKFHSFKKVARSMGYGEKDLALVSFQSVSKGYYGECGKRGGYMEVTGFTSDVREQIYKMASVNLCSNISGQILASLIMSPPKPGDDSYESYIAEKDGILSSLARRAKTLEEALNKLEGVTCNRAEGAMYLFPCLHLPQKAIAAAEAEKTAPDNFYCKRLLKATGIVVVPGSGFRQVPGTWHFRCTILPQEDKIPAIVDRLTAFHQSFMDEFRD,543,160,168,1,1
49,307,sp|F4I7I0|ALAT1_ARATH,JJDQJPGR,AT_indark_IEX_fraction_40a_20150426.uniprot-proteome%3AUP000006548_contam.combined-Results,2,MRRFVIGQAKNLIDQSRRRQLHHHKNLSFVSLIPPFSAPSDSSSRHLSSSSSSDMSASDSSSSLPVTLDTINPKVIKCEYAVRGEIVNIAQKLQEDLKTNKDAYPFDEIIYCNIGNPQSLGQQPITFFREVLALCSYTALLDESATHGLFSSDSIERAWKILDQIPGRATGAYSHSQGIKGLRDAIADGIEARDGFPADPNDIFMTDGASPGVHMMMQLLITSEKDGILCPIPQYPLYSASIALHGGTLVPYYLDEASGWGLEISELKKQLEDARSKGITVRALAVINPGNPTGQVLSEENQRDVVKFCKQEGLVLLADEVYQENVYVPDKKFHSFKKVARSMGYGEKDLALVSFQSVSKGYYGECGKRGGYMEVTGFTSDVREQIYKMASVNLCSNISGQILASLIMSPPKPGDDSYESYIAEKDGILSSLARRAKTLEEALNKLEGVTCNRAEGAMYLFPCLHLPQKAIAAAEAEKTAPDNFYCKRLLKATGIVVVPGSGFRQVPGTWHFRCTILPQEDKIPAIVDRLTAFHQSFMDEFRD,543,160,168,1,1
50,308,sp|F4I7I0|ALAT1_ARATH,JJDQJPGR,AT_indark_IEX_fraction_41a_20150426.uniprot-proteome%3AUP000006548_contam.combined-Results,2,MRRFVIGQAKNLIDQSRRRQLHHHKNLSFVSLIPPFSAPSDSSSRHLSSSSSSDMSASDSSSSLPVTLDTINPKVIKCEYAVRGEIVNIAQKLQEDLKTNKDAYPFDEIIYCNIGNPQSLGQQPITFFREVLALCSYTALLDESATHGLFSSDSIERAWKILDQIPGRATGAYSHSQGIKGLRDAIADGIEARDGFPADPNDIFMTDGASPGVHMMMQLLITSEKDGILCPIPQYPLYSASIALHGGTLVPYYLDEASGWGLEISELKKQLEDARSKGITVRALAVINPGNPTGQVLSEENQRDVVKFCKQEGLVLLADEVYQENVYVPDKKFHSFKKVARSMGYGEKDLALVSFQSVSKGYYGECGKRGGYMEVTGFTSDVREQIYKMASVNLCSNISGQILASLIMSPPKPGDDSYESYIAEKDGILSSLARRAKTLEEALNKLEGVTCNRAEGAMYLFPCLHLPQKAIAAAEAEKTAPDNFYCKRLLKATGIVVVPGSGFRQVPGTWHFRCTILPQEDKIPAIVDRLTAFHQSFMDEFRD,543,160,168,1,1
51,309,sp|F4I7I0|ALAT1_ARATH,JJDQJPGR,AT_indark_IEX_fraction_42a_20150426.uniprot-proteome%3AUP000006548_contam.combined-Results,2,MRRFVIGQAKNLIDQSRRRQLHHHKNLSFVSLIPPFSAPSDSSSRHLSSSSSSDMSASDSSSSLPVTLDTINPKVIKCEYAVRGEIVNIAQKLQEDLKTNKDAYPFDEIIYCNIGNPQSLGQQPITFFREVLALCSYTALLDESATHGLFSSDSIERAWKILDQIPGRATGAYSHSQGIKGLRDAIADGIEARDGFPADPNDIFMTDGASPGVHMMMQLLITSEKDGILCPIPQYPLYSASIALHGGTLVPYYLDEASGWGLEISELKKQLEDARSKGITVRALAVINPGNPTGQVLSEENQRDVVKFCKQEGLVLLADEVYQENVYVPDKKFHSFKKVARSMGYGEKDLALVSFQSVSKGYYGECGKRGGYMEVTGFTSDVREQIYKMASVNLCSNISGQILASLIMSPPKPGDDSYESYIAEKDGILSSLARRAKTLEEALNKLEGVTCNRAEGAMYLFPCLHLPQKAIAAAEAEKTAPDNFYCKRLLKATGIVVVPGSGFRQVPGTWHFRCTILPQEDKIPAIVDRLTAFHQSFMDEFRD,543,160,168,1,1
52,310,sp|F4I7I0|ALAT1_ARATH,JJDQJPGR,AT_indark_IEX_fraction_46a_20150426.uniprot-proteome%3AUP000006548_contam.combined-Results,1,MRRFVIGQAKNLIDQSRRRQLHHHKNLSFVSLIPPFSAPSDSSSRHLSSSSSSDMSASDSSSSLPVTLDTINPKVIKCEYAVRGEIVNIAQKLQEDLKTNKDAYPFDEIIYCNIGNPQSLGQQPITFFREVLALCSYTALLDESATHGLFSSDSIERAWKILDQIPGRATGAYSHSQGIKGLRDAIADGIEARDGFPADPNDIFMTDGASPGVHMMMQLLITSEKDGILCPIPQYPLYSASIALHGGTLVPYYLDEASGWGLEISELKKQLEDARSKGITVRALAVINPGNPTGQVLSEENQRDVVKFCKQEGLVLLADEVYQENVYVPDKKFHSFKKVARSMGYGEKDLALVSFQSVSKGYYGECGKRGGYMEVTGFTSDVREQIYKMASVNLCSNISGQILASLIMSPPKPGDDSYESYIAEKDGILSSLARRAKTLEEALNKLEGVTCNRAEGAMYLFPCLHLPQKAIAAAEAEKTAPDNFYCKRLLKATGIVVVPGSGFRQVPGTWHFRCTILPQEDKIPAIVDRLTAFHQSFMDEFRD,543,160,168,1,1
53,311,sp|F4I7I0|ALAT1_ARATH,JJDQJPGR,AT_indark_IEX_fraction_47a_20150426.uniprot-proteome%3AUP000006548_contam.combined-Results,2,MRRFVIGQAKNLIDQSRRRQLHHHKNLSFVSLIPPFSAPSDSSSRHLSSSSSSDMSASDSSSSLPVTLDTINPKVIKCEYAVRGEIVNIAQKLQEDLKTNKDAYPFDEIIYCNIGNPQSLGQQPITFFREVLALCSYTALLDESATHGLFSSDSIERAWKILDQIPGRATGAYSHSQGIKGLRDAIADGIEARDGFPADPNDIFMTDGASPGVHMMMQLLITSEKDGILCPIPQYPLYSASIALHGGTLVPYYLDEASGWGLEISELKKQLEDARSKGITVRALAVINPGNPTGQVLSEENQRDVVKFCKQEGLVLLADEVYQENVYVPDKKFHSFKKVARSMGYGEKDLALVSFQSVSKGYYGECGKRGGYMEVTGFTSDVREQIYKMASVNLCSNISGQILASLIMSPPKPGDDSYESYIAEKDGILSSLARRAKTLEEALNKLEGVTCNRAEGAMYLFPCLHLPQKAIAAAEAEKTAPDNFYCKRLLKATGIVVVPGSGFRQVPGTWHFRCTILPQEDKIPAIVDRLTAFHQSFMDEFRD,543,160,168,1,1
54,312,sp|F4I7I0|ALAT1_ARATH,JJDQJPGR,AT_indark_IEX_fraction_48a_20150426.uniprot-proteome%3AUP000006548_contam.combined-Results,1,MRRFVIGQAKNLIDQSRRRQLHHHKNLSFVSLIPPFSAPSDSSSRHLSSSSSSDMSASDSSSSLPVTLDTINPKVIKCEYAVRGEIVNIAQKLQEDLKTNKDAYPFDEIIYCNIGNPQSLGQQPITFFREVLALCSYTALLDESATHGLFSSDSIERAWKILDQIPGRATGAYSHSQGIKGLRDAIADGIEARDGFPADPNDIFMTDGASPGVHMMMQLLITSEKDGILCPIPQYPLYSASIALHGGTLVPYYLDEASGWGLEISELKKQLEDARSKGITVRALAVINPGNPTGQVLSEENQRDVVKFCKQEGLVLLADEVYQENVYVPDKKFHSFKKVARSMGYGEKDLALVSFQSVSKGYYGECGKRGGYMEVTGFTSDVREQIYKMASVNLCSNISGQILASLIMSPPKPGDDSYESYIAEKDGILSSLARRAKTLEEALNKLEGVTCNRAEGAMYLFPCLHLPQKAIAAAEAEKTAPDNFYCKRLLKATGIVVVPGSGFRQVPGTWHFRCTILPQEDKIPAIVDRLTAFHQSFMDEFRD,543,160,168,1,1
55,313,sp|F4I7I0|ALAT1_ARATH,JJDQJPGR,AT_indark_IEX_fraction_60a_20150426.uniprot-proteome%3AUP000006548_contam.combined-Results,1,MRRFVIGQAKNLIDQSRRRQLHHHKNLSFVSLIPPFSAPSDSSSRHLSSSSSSDMSASDSSSSLPVTLDTINPKVIKCEYAVRGEIVNIAQKLQEDLKTNKDAYPFDEIIYCNIGNPQSLGQQPITFFREVLALCSYTALLDESATHGLFSSDSIERAWKILDQIPGRATGAYSHSQGIKGLRDAIADGIEARDGFPADPNDIFMTDGASPGVHMMMQLLITSEKDGILCPIPQYPLYSASIALHGGTLVPYYLDEASGWGLEISELKKQLEDARSKGITVRALAVINPGNPTGQVLSEENQRDVVKFCKQEGLVLLADEVYQENVYVPDKKFHSFKKVARSMGYGEKDLALVSFQSVSKGYYGECGKRGGYMEVTGFTSDVREQIYKMASVNLCSNISGQILASLIMSPPKPGDDSYESYIAEKDGILSSLARRAKTLEEALNKLEGVTCNRAEGAMYLFPCLHLPQKAIAAAEAEKTAPDNFYCKRLLKATGIVVVPGSGFRQVPGTWHFRCTILPQEDKIPAIVDRLTAFHQSFMDEFRD,543,160,168,1,1
56,314,sp|F4I7I0|ALAT1_ARATH,JJKATGJVVVPGSGFR,AT_indark_IEX_fraction_50a_20150426.uniprot-proteome%3AUP000006548_contam.combined-Results,1,MRRFVIGQAKNLIDQSRRRQLHHHKNLSFVSLIPPFSAPSDSSSRHLSSSSSSDMSASDSSSSLPVTLDTINPKVIKCEYAVRGEIVNIAQKLQEDLKTNKDAYPFDEIIYCNIGNPQSLGQQPITFFREVLALCSYTALLDESATHGLFSSDSIERAWKILDQIPGRATGAYSHSQGIKGLRDAIADGIEARDGFPADPNDIFMTDGASPGVHMMMQLLITSEKDGILCPIPQYPLYSASIALHGGTLVPYYLDEASGWGLEISELKKQLEDARSKGITVRALAVINPGNPTGQVLSEENQRDVVKFCKQEGLVLLADEVYQENVYVPDKKFHSFKKVARSMGYGEKDLALVSFQSVSKGYYGECGKRGGYMEVTGFTSDVREQIYKMASVNLCSNISGQILASLIMSPPKPGDDSYESYIAEKDGILSSLARRAKTLEEALNKLEGVTCNRAEGAMYLFPCLHLPQKAIAAAEAEKTAPDNFYCKRLLKATGIVVVPGSGFRQVPGTWHFRCTILPQEDKIPAIVDRLTAFHQSFMDEFRD,543,488,504,1,0
57,315,sp|F4I7I0|ALAT1_ARATH,QVPGTWHFR,AT_indark_IEX_fraction_38a_20150426.uniprot-proteome%3AUP000006548_contam.combined-Results,1,MRRFVIGQAKNLIDQSRRRQLHHHKNLSFVSLIPPFSAPSDSSSRHLSSSSSSDMSASDSSSSLPVTLDTINPKVIKCEYAVRGEIVNIAQKLQEDLKTNKDAYPFDEIIYCNIGNPQSLGQQPITFFREVLALCSYTALLDESATHGLFSSDSIERAWKILDQIPGRATGAYSHSQGIKGLRDAIADGIEARDGFPADPNDIFMTDGASPGVHMMMQLLITSEKDGILCPIPQYPLYSASIALHGGTLVPYYLDEASGWGLEISELKKQLEDARSKGITVRALAVINPGNPTGQVLSEENQRDVVKFCKQEGLVLLADEVYQENVYVPDKKFHSFKKVARSMGYGEKDLALVSFQSVSKGYYGECGKRGGYMEVTGFTSDVREQIYKMASVNLCSNISGQILASLIMSPPKPGDDSYESYIAEKDGILSSLARRAKTLEEALNKLEGVTCNRAEGAMYLFPCLHLPQKAIAAAEAEKTAPDNFYCKRLLKATGIVVVPGSGFRQVPGTWHFRCTILPQEDKIPAIVDRLTAFHQSFMDEFRD,543,504,513,1,0
58,316,sp|F4I7I0|ALAT1_ARATH,TJEEAJNK,AT_indark_IEX_fraction_37a_20150426.uniprot-proteome%3AUP000006548_contam.combined-Results,2,MRRFVIGQAKNLIDQSRRRQLHHHKNLSFVSLIPPFSAPSDSSSRHLSSSSSSDMSASDSSSSLPVTLDTINPKVIKCEYAVRGEIVNIAQKLQEDLKTNKDAYPFDEIIYCNIGNPQSLGQQPITFFREVLALCSYTALLDESATHGLFSSDSIERAWKILDQIPGRATGAYSHSQGIKGLRDAIADGIEARDGFPADPNDIFMTDGASPGVHMMMQLLITSEKDGILCPIPQYPLYSASIALHGGTLVPYYLDEASGWGLEISELKKQLEDARSKGITVRALAVINPGNPTGQVLSEENQRDVVKFCKQEGLVLLADEVYQENVYVPDKKFHSFKKVARSMGYGEKDLALVSFQSVSKGYYGECGKRGGYMEVTGFTSDVREQIYKMASVNLCSNISGQILASLIMSPPKPGDDSYESYIAEKDGILSSLARRAKTLEEALNKLEGVTCNRAEGAMYLFPCLHLPQKAIAAAEAEKTAPDNFYCKRLLKATGIVVVPGSGFRQVPGTWHFRCTILPQEDKIPAIVDRLTAFHQSFMDEFRD,543,437,445,1,0
